{
    "epochs": [
        0,
        1,
        2,
        3,
        4,
        5,
        6,
        7,
        8,
        9,
        10,
        11,
        12,
        13,
        14,
        15,
        16,
        17,
        18,
        19,
        20,
        21,
        22,
        23,
        24,
        25,
        26,
        27,
        28,
        29,
        30,
        31,
        32,
        33,
        34
    ],
    "lr": [
        0.001,
        0.0005,
        0.00025,
        0.000125,
        6.25e-05,
        5.6250000000000005e-05,
        5.0625000000000004e-05,
        4.55625e-05,
        4.1006250000000004e-05,
        3.6905625e-05,
        3.32150625e-05,
        2.989355625e-05,
        2.6904200625e-05,
        2.42137805625e-05,
        2.179240250625e-05,
        1.9613162255625002e-05,
        1.7651846030062502e-05,
        1.5886661427056253e-05,
        1.4297995284350628e-05,
        1.2868195755915566e-05,
        1.158137618032401e-05,
        1.042323856229161e-05,
        9.38091470606245e-06,
        8.442823235456206e-06,
        7.598540911910585e-06,
        6.838686820719527e-06,
        6.154818138647574e-06,
        5.5393363247828165e-06,
        4.985402692304535e-06,
        4.4868624230740814e-06,
        4.038176180766673e-06,
        4.0381761807666735e-07,
        4.038176180766674e-08,
        4.038176180766674e-09,
        4.038176180766674e-10
    ],
    "train_time": [
        3878.4228632450104,
        3882.07608962059,
        3870.5217547416687,
        3868.268399000168,
        3871.098613500595,
        3872.009124279022,
        3866.6123633384705,
        3873.6749379634857,
        3859.283467769623,
        3860.7001135349274,
        3859.6823239326477,
        3876.4284410476685,
        3864.7674844264984,
        3862.4926052093506,
        3881.4189529418945,
        3864.78239774704,
        3869.5842578411102,
        3862.844249725342,
        3867.8818039894104,
        3882.4520196914673,
        3869.432103395462,
        3866.425948381424,
        3866.588758945465,
        3869.317553758621,
        3874.1120834350586,
        3883.605970621109,
        3883.9090869426727,
        3870.0955471992493,
        3878.310823202133,
        3870.838626384735,
        3863.6563544273376,
        3863.7839992046356,
        3873.0211746692657,
        3870.661294698715,
        3873.0476212501526
    ],
    "val_time": [
        226.9730622768402,
        226.86712527275085,
        225.64341711997986,
        226.119136095047,
        227.1819896697998,
        226.4128737449646,
        227.45374989509583,
        226.0905158519745,
        225.60555362701416,
        225.48969864845276,
        225.69168424606323,
        225.97383832931519,
        225.96489143371582,
        225.60846304893494,
        225.691401720047,
        226.06420254707336,
        225.6848292350769,
        225.75373482704163,
        225.77022981643677,
        225.89692950248718,
        231.3162350654602,
        225.9853310585022,
        226.23754715919495,
        226.28521990776062,
        225.8235957622528,
        226.05674266815186,
        226.29444527626038,
        226.0641474723816,
        225.9923861026764,
        226.84270024299622,
        225.74703526496887,
        225.4567494392395,
        225.69403219223022,
        225.54120063781738,
        226.13208150863647
    ],
    "train_loss": [
        0.21099391927083333,
        0.18495854166666667,
        0.1771467578125,
        0.17218493489583334,
        0.16899177083333333,
        0.1677975390625,
        0.16677247395833333,
        0.16607122395833335,
        0.16530165364583332,
        0.16452196614583334,
        0.16396881510416667,
        0.1633228515625,
        0.16273584635416666,
        0.16224372395833334,
        0.16185329427083334,
        0.16140161458333332,
        0.16099567708333334,
        0.1606112890625,
        0.16020682291666666,
        0.16001438802083334,
        0.159638671875,
        0.15940432291666667,
        0.15914545572916666,
        0.15901768229166666,
        0.15883859375,
        0.15859912760416667,
        0.15843563802083332,
        0.15830040364583334,
        0.15819828125,
        0.1580705859375,
        0.158051875,
        0.15764809895833334,
        0.15754315104166666,
        0.15754170572916668,
        0.15751333333333334
    ],
    "val_loss": [
        0.28750849609375,
        0.3855090625,
        0.21401658203125,
        0.25457515625,
        0.18173806640625,
        0.17375423828125,
        0.194315234375,
        0.17245822265625,
        0.173340390625,
        0.2025560546875,
        0.1805533984375,
        0.22166970703125,
        0.2069683984375,
        0.20520693359375,
        0.1910189453125,
        0.19415904296875,
        0.16982166015625,
        0.17129453125,
        0.2047120703125,
        0.195977265625,
        0.1903980859375,
        0.1814366796875,
        0.17474638671875,
        0.18491865234375,
        0.1805961328125,
        0.184912109375,
        0.1780801953125,
        0.2415684375,
        0.19391087890625,
        0.2050063671875,
        0.1807338671875,
        0.19568580078125,
        0.1784034375,
        0.181593671875,
        0.18992048828125
    ],
    "train_acc": [
        0.9138891666666666,
        0.925115,
        0.92831,
        0.93047,
        0.9314208333333334,
        0.93194,
        0.9325408333333334,
        0.9328708333333333,
        0.9332475,
        0.9334091666666666,
        0.9337808333333333,
        0.9339458333333334,
        0.93433,
        0.9344933333333333,
        0.9346233333333334,
        0.9348183333333333,
        0.9348616666666667,
        0.9351391666666666,
        0.9353616666666666,
        0.9353641666666667,
        0.9354975,
        0.9356066666666667,
        0.9357575,
        0.9357666666666666,
        0.9358725,
        0.9360233333333333,
        0.9359741666666667,
        0.935995,
        0.9360008333333333,
        0.9360525,
        0.9362025,
        0.93632,
        0.9363941666666666,
        0.9363216666666667,
        0.9363883333333334
    ],
    "val_acc": [
        0.86835,
        0.8067575,
        0.9129925,
        0.88962,
        0.9259525,
        0.9301125,
        0.9209475,
        0.93089,
        0.9300825,
        0.9161575,
        0.9269,
        0.907475,
        0.914555,
        0.914785,
        0.9211475,
        0.920395,
        0.93151,
        0.93094,
        0.9151375,
        0.919595,
        0.921635,
        0.9261125,
        0.9293725,
        0.92439,
        0.926355,
        0.9244825,
        0.9275925,
        0.8969025,
        0.92029,
        0.9151275,
        0.9264775,
        0.9195575,
        0.927455,
        0.9260175,
        0.92226
    ],
    "best_val": 0.93151,
    "best_epoch": 16
}