{
    "epochs": [
        0,
        1,
        2,
        3,
        4,
        5,
        6,
        7,
        8,
        9,
        10,
        11,
        12,
        13,
        14,
        15,
        16,
        17,
        18,
        19,
        20,
        21,
        22,
        23,
        24,
        25,
        26,
        27,
        28,
        29,
        30,
        31,
        32,
        33,
        34
    ],
    "lr": [
        0.0002,
        0.0004,
        0.0006,
        0.0008,
        0.001,
        0.0008535533905932737,
        0.0005,
        0.00014644660940672628,
        0.001,
        0.0009619397662556434,
        0.0008535533905932737,
        0.000691341716182545,
        0.0005,
        0.0003086582838174551,
        0.00014644660940672628,
        3.806023374435663e-05,
        0.001,
        0.0009903926402016153,
        0.0009619397662556434,
        0.0009157348061512727,
        0.0008535533905932737,
        0.0007777851165098011,
        0.000691341716182545,
        0.0005975451610080642,
        0.0005,
        0.00040245483899193594,
        0.0003086582838174551,
        0.00022221488349019903,
        0.00014644660940672628,
        8.426519384872733e-05,
        3.806023374435663e-05,
        9.607359798384786e-06,
        4.803679899192393e-06,
        2.4018399495961964e-06,
        1.2009199747980982e-06
    ],
    "train_time": [
        4895.515426158905,
        4910.978014707565,
        4923.706550836563,
        4919.378674030304,
        4910.320154905319,
        4899.810435533524,
        4891.725735664368,
        4897.068116903305,
        4872.6555988788605,
        4887.184459447861,
        4873.728186607361,
        4890.80123257637,
        4912.04718208313,
        4904.27118229866,
        4891.394162893295,
        4883.110193967819,
        4868.838440179825,
        4879.554676294327,
        4890.606753587723,
        4889.997631788254,
        4884.755957126617,
        4871.552596330643,
        4858.2805070877075,
        4862.291815519333,
        4851.298018455505,
        4852.016690015793,
        4855.1194496154785,
        4870.211564540863,
        4882.89454126358,
        4890.358692407608,
        4892.856457233429,
        4891.081555604935,
        4894.448123693466,
        4897.166863918304,
        4916.073394060135
    ],
    "val_time": [
        328.9755344390869,
        313.65792202949524,
        312.82467818260193,
        312.87792325019836,
        312.3341636657715,
        312.2738742828369,
        312.1027572154999,
        311.73776602745056,
        313.5128438472748,
        312.39296102523804,
        312.28518748283386,
        312.4643769264221,
        312.6877865791321,
        312.3053948879242,
        312.14342522621155,
        311.91804361343384,
        312.29930663108826,
        312.30024671554565,
        312.61675119400024,
        312.1571521759033,
        312.15081119537354,
        312.1667220592499,
        312.10291838645935,
        312.225314617157,
        312.4796133041382,
        311.98029375076294,
        311.98443627357483,
        311.77704644203186,
        312.0960133075714,
        312.2503938674927,
        312.2224135398865,
        312.2134337425232,
        312.05457496643066,
        312.2766742706299,
        312.14536809921265
    ],
    "train_loss": [
        0.19250153645833334,
        0.17229411458333332,
        0.16434776041666666,
        0.1586203515625,
        0.15605524739583335,
        0.14921395833333334,
        0.14185326822916666,
        0.13577682291666668,
        0.1486151171875,
        0.14762010416666665,
        0.14401470052083334,
        0.14079122395833332,
        0.13767794270833333,
        0.13401463541666667,
        0.13001188802083333,
        0.12697942708333335,
        0.14442184895833332,
        0.14451794270833335,
        0.14330446614583334,
        0.142665625,
        0.140606328125,
        0.1394702734375,
        0.13852809895833335,
        0.13648510416666668,
        0.13475236979166666,
        0.13275313802083333,
        0.13054783854166666,
        0.1289437890625,
        0.12641421875,
        0.12465875,
        0.12278932291666667,
        0.121961875,
        0.12218966145833333,
        0.12166440104166666,
        0.1214360546875
    ],
    "val_loss": [
        0.1702733984375,
        0.15994330078125,
        0.154910419921875,
        0.15416189453125,
        0.16711576171875,
        0.1478189453125,
        0.1404517578125,
        0.13613015625,
        0.14583685546875,
        0.1450594921875,
        0.143376435546875,
        0.15052140625,
        0.14061189453125,
        0.13525373046875,
        0.13166802734375,
        0.13000458984375,
        0.14374013671875,
        0.151967060546875,
        0.14766916015625,
        0.141070068359375,
        0.143428203125,
        0.14056958984375,
        0.1387207421875,
        0.15695408203125,
        0.1369126953125,
        0.133862890625,
        0.1320799609375,
        0.13178404296875,
        0.12955146484375,
        0.12917650390625,
        0.12860259765625,
        0.127964580078125,
        0.1280221484375,
        0.127960673828125,
        0.12822578125
    ],
    "train_acc": [
        0.9222216666666667,
        0.9310608333333333,
        0.93462,
        0.9365408333333334,
        0.9376858333333333,
        0.9404366666666667,
        0.9434725,
        0.9458258333333334,
        0.9407183333333333,
        0.9408808333333334,
        0.9422691666666667,
        0.9436175,
        0.9447916666666667,
        0.9463958333333333,
        0.9480433333333333,
        0.9491241666666667,
        0.9420958333333334,
        0.9420716666666666,
        0.9428933333333334,
        0.9428708333333333,
        0.9434225,
        0.94414,
        0.9445791666666666,
        0.9452641666666667,
        0.9461,
        0.946775,
        0.9479075,
        0.948455,
        0.9492608333333333,
        0.9500641666666667,
        0.9509283333333334,
        0.9510641666666667,
        0.9510991666666667,
        0.9513483333333334,
        0.9513708333333334
    ],
    "val_acc": [
        0.93079,
        0.9355775,
        0.936245,
        0.9378525,
        0.9322225,
        0.939425,
        0.9433225,
        0.9452425,
        0.94154,
        0.9418875,
        0.94081,
        0.941575,
        0.94404,
        0.9466,
        0.94705,
        0.947995,
        0.942345,
        0.939415,
        0.94055,
        0.94383,
        0.94243,
        0.94372,
        0.944475,
        0.934885,
        0.9448075,
        0.9464225,
        0.947005,
        0.9470375,
        0.94806,
        0.948415,
        0.948225,
        0.94879,
        0.948585,
        0.9486525,
        0.948465
    ],
    "best_val": 0.94879,
    "best_epoch": 31
}