{
    "epochs": [
        0,
        1,
        2,
        3,
        4,
        5,
        6,
        7,
        8,
        9,
        10,
        11,
        12,
        13,
        14,
        15,
        16,
        17,
        18,
        19,
        20,
        21,
        22,
        23,
        24,
        25,
        26,
        27,
        28,
        29,
        30,
        31,
        32,
        33,
        34
    ],
    "lr": [
        0.0002,
        0.0004,
        0.0006,
        0.0008,
        0.001,
        0.0008535533905932737,
        0.0005,
        0.00014644660940672628,
        0.001,
        0.0009619397662556434,
        0.0008535533905932737,
        0.000691341716182545,
        0.0005,
        0.0003086582838174551,
        0.00014644660940672628,
        3.806023374435663e-05,
        0.001,
        0.0009903926402016153,
        0.0009619397662556434,
        0.0009157348061512727,
        0.0008535533905932737,
        0.0007777851165098011,
        0.000691341716182545,
        0.0005975451610080642,
        0.0005,
        0.00040245483899193594,
        0.0003086582838174551,
        0.00022221488349019903,
        0.00014644660940672628,
        8.426519384872733e-05,
        3.806023374435663e-05,
        9.607359798384786e-06,
        4.803679899192393e-06,
        2.4018399495961964e-06,
        1.2009199747980982e-06
    ],
    "train_time": [
        5374.8644869327545,
        5382.306493282318,
        5365.387341737747,
        5356.3669402599335,
        5362.07633638382,
        5315.361585140228,
        5355.671178102493,
        5348.299543142319,
        5353.385451555252,
        5345.193997144699,
        5335.430321931839,
        5344.240405321121,
        5346.955463409424,
        5346.358634233475,
        5350.104899644852,
        5341.192986965179,
        5349.639103889465,
        5343.659174919128,
        5347.198748111725,
        5334.262691020966,
        5337.53559422493,
        5334.681051969528,
        5324.7637939453125,
        5322.584913492203,
        5304.51788520813,
        5310.419093132019,
        5316.328193902969,
        5309.157699108124,
        5316.091334104538,
        5319.545685529709,
        5309.168191194534,
        5311.85311627388,
        5311.974181890488,
        5311.981098413467,
        5307.404570817947
    ],
    "val_time": [
        350.96760082244873,
        343.3721489906311,
        342.3347797393799,
        342.6201403141022,
        343.0026168823242,
        342.48604941368103,
        342.4916410446167,
        342.1693105697632,
        341.9557523727417,
        342.149685382843,
        341.7168107032776,
        341.87258768081665,
        341.8604202270508,
        342.404345035553,
        343.0224254131317,
        341.8548698425293,
        342.3476474285126,
        341.8691349029541,
        341.98299741744995,
        342.0888817310333,
        342.091632604599,
        342.1116952896118,
        341.6376440525055,
        341.87055945396423,
        341.5063359737396,
        341.5761549472809,
        341.479948759079,
        341.5281388759613,
        341.50454354286194,
        341.8865201473236,
        341.4683904647827,
        341.82151651382446,
        341.793918132782,
        341.7193548679352,
        341.6342477798462
    ],
    "train_loss": [
        0.20923252604166667,
        0.182004453125,
        0.17352348958333333,
        0.1678537890625,
        0.16431588541666667,
        0.15751174479166666,
        0.15000735677083332,
        0.14208665364583334,
        0.15635369791666667,
        0.15443080729166667,
        0.15264158854166668,
        0.14809842447916666,
        0.144424140625,
        0.14039627604166666,
        0.13580895833333334,
        0.13286494791666667,
        0.15250145833333334,
        0.152276328125,
        0.1505088671875,
        0.14980962239583334,
        0.14763611979166666,
        0.14691966145833332,
        0.14553846354166666,
        0.1431860546875,
        0.14116040364583332,
        0.13877981770833334,
        0.1362837890625,
        0.134180703125,
        0.13192908854166666,
        0.1296485546875,
        0.127701796875,
        0.1262504296875,
        0.125984453125,
        0.12632002604166667,
        0.126192109375
    ],
    "val_loss": [
        0.2117542578125,
        0.1697465625,
        0.17661662109375,
        0.159392412109375,
        0.161822265625,
        0.15661125,
        0.161584296875,
        0.143801669921875,
        0.15197232421875,
        0.154937109375,
        0.15013740234375,
        0.147622001953125,
        0.151569970703125,
        0.14355494140625,
        0.140362109375,
        0.137194609375,
        0.1611778515625,
        0.157535263671875,
        0.15363255859375,
        0.151709501953125,
        0.148424140625,
        0.147428515625,
        0.147620966796875,
        0.154121982421875,
        0.14288638671875,
        0.140474541015625,
        0.14061810546875,
        0.1378080859375,
        0.137429560546875,
        0.136917099609375,
        0.136162216796875,
        0.135444404296875,
        0.135456689453125,
        0.135268564453125,
        0.135346591796875
    ],
    "train_acc": [
        0.9148566666666667,
        0.9267916666666667,
        0.9302058333333333,
        0.932705,
        0.9337175,
        0.9368091666666667,
        0.9397791666666667,
        0.9432091666666667,
        0.9372133333333333,
        0.9378575,
        0.9390141666666667,
        0.9404575,
        0.9420783333333334,
        0.94361,
        0.9455916666666667,
        0.9466925,
        0.9388025,
        0.9388358333333333,
        0.93958,
        0.939925,
        0.9406866666666667,
        0.941005,
        0.9415483333333333,
        0.9425966666666666,
        0.9433883333333334,
        0.9443358333333334,
        0.9450225,
        0.94635,
        0.9472608333333333,
        0.9477908333333334,
        0.948695,
        0.9495291666666666,
        0.9494108333333333,
        0.9493091666666666,
        0.9495608333333333
    ],
    "val_acc": [
        0.9117675,
        0.9304925,
        0.9278825,
        0.9359475,
        0.93384,
        0.9350325,
        0.9340025,
        0.94176,
        0.9386325,
        0.9374,
        0.9389925,
        0.9402525,
        0.93832,
        0.9409025,
        0.9432525,
        0.9444625,
        0.9317275,
        0.9356875,
        0.93799,
        0.9383575,
        0.939015,
        0.940295,
        0.93953,
        0.936235,
        0.941845,
        0.943045,
        0.943065,
        0.9440925,
        0.945035,
        0.9441625,
        0.9452575,
        0.94531,
        0.945175,
        0.94507,
        0.9451725
    ],
    "best_val": 0.94531,
    "best_epoch": 31
}