{
    "epochs": [
        0,
        1,
        2,
        3,
        4,
        5,
        6,
        7,
        8,
        9,
        10,
        11,
        12,
        13,
        14,
        15,
        16,
        17,
        18,
        19,
        20,
        21,
        22,
        23,
        24,
        25,
        26,
        27,
        28,
        29,
        30,
        31,
        32,
        33,
        34
    ],
    "lr": [
        0.001,
        0.0005,
        0.00025,
        0.000125,
        6.25e-05,
        5.6250000000000005e-05,
        5.0625000000000004e-05,
        4.55625e-05,
        4.1006250000000004e-05,
        3.6905625e-05,
        3.32150625e-05,
        2.989355625e-05,
        2.6904200625e-05,
        2.42137805625e-05,
        2.179240250625e-05,
        1.9613162255625002e-05,
        1.7651846030062502e-05,
        1.5886661427056253e-05,
        1.4297995284350628e-05,
        1.2868195755915566e-05,
        1.158137618032401e-05,
        1.042323856229161e-05,
        9.38091470606245e-06,
        8.442823235456206e-06,
        7.598540911910585e-06,
        6.838686820719527e-06,
        6.154818138647574e-06,
        5.5393363247828165e-06,
        4.985402692304535e-06,
        4.4868624230740814e-06,
        4.038176180766673e-06,
        4.0381761807666735e-07,
        4.038176180766674e-08,
        4.038176180766674e-09,
        4.038176180766674e-10
    ],
    "train_time": [
        3948.4604680538177,
        3934.440974712372,
        3918.6423211097717,
        3937.0470809936523,
        3932.8576109409332,
        3946.042177438736,
        3923.2355484962463,
        3925.810819387436,
        3935.9428737163544,
        3922.295557975769,
        3927.686646461487,
        3930.9842925071716,
        3928.4590780735016,
        3928.2769300937653,
        3930.5777549743652,
        3930.908736228943,
        3929.0642771720886,
        3928.501756668091,
        3931.2035372257233,
        3942.6103060245514,
        3931.8807213306427,
        3932.5071654319763,
        3934.4948658943176,
        3935.4958639144897,
        3928.0320358276367,
        3937.240431547165,
        3942.507184267044,
        3931.649384498596,
        3926.049602508545,
        3930.739615917206,
        3934.5486390590668,
        3932.894074678421,
        3935.2064213752747,
        3937.9882097244263,
        3929.925393342972
    ],
    "val_time": [
        226.28002309799194,
        226.10331106185913,
        226.04144024848938,
        225.93921065330505,
        225.8979742527008,
        225.74379968643188,
        225.93467235565186,
        225.82582473754883,
        225.69819593429565,
        225.82925605773926,
        226.0234305858612,
        225.81044626235962,
        226.26806783676147,
        225.88883996009827,
        225.68708539009094,
        225.81942343711853,
        225.73276257514954,
        226.27853989601135,
        225.9029941558838,
        226.28722620010376,
        226.0356981754303,
        225.77177715301514,
        225.79490542411804,
        225.75966930389404,
        225.7263855934143,
        226.03346371650696,
        225.78912138938904,
        225.83195996284485,
        225.8424756526947,
        225.87351250648499,
        225.74142575263977,
        225.71369552612305,
        225.81430411338806,
        225.832102060318,
        225.625173330307
    ],
    "train_loss": [
        0.22999950520833334,
        0.20290361979166666,
        0.19379041666666666,
        0.18814334635416666,
        0.1844173046875,
        0.18318104166666666,
        0.181955625,
        0.18103348958333335,
        0.18008438802083335,
        0.17927666666666667,
        0.17841588541666667,
        0.1777207421875,
        0.17707317708333334,
        0.176476484375,
        0.17586372395833333,
        0.17534307291666668,
        0.17495651041666666,
        0.1744607421875,
        0.1740144140625,
        0.17365791666666666,
        0.17337,
        0.17312147135416667,
        0.17282157552083333,
        0.17247057291666668,
        0.172310390625,
        0.17202920572916666,
        0.171812109375,
        0.17165751302083335,
        0.17151677083333333,
        0.171332890625,
        0.17122169270833335,
        0.17081423177083332,
        0.17082296875,
        0.17071432291666666,
        0.17077234375
    ],
    "val_loss": [
        0.2834084765625,
        0.19847609375,
        0.21098353515625,
        0.20888060546875,
        0.213332578125,
        0.19604927734375,
        0.23289982421875,
        0.18443408203125,
        0.20402220703125,
        0.2017592578125,
        0.19130802734375,
        0.20966978515625,
        0.18712806640625,
        0.25130150390625,
        0.1948503515625,
        0.229348828125,
        0.22021388671875,
        0.20734359375,
        0.2189716796875,
        0.22796201171875,
        0.22737509765625,
        0.211273359375,
        0.2125753125,
        0.2038762109375,
        0.20972501953125,
        0.21594048828125,
        0.20487041015625,
        0.2508652734375,
        0.2033853125,
        0.2184422265625,
        0.22297607421875,
        0.21231548828125,
        0.20327330078125,
        0.19773994140625,
        0.2008031640625
    ],
    "train_acc": [
        0.9051558333333334,
        0.9169775,
        0.9209375,
        0.9234441666666666,
        0.9246958333333334,
        0.9253083333333333,
        0.9257975,
        0.9261583333333333,
        0.9265816666666666,
        0.9269666666666667,
        0.9272008333333334,
        0.9274733333333334,
        0.9278808333333334,
        0.9280075,
        0.9283716666666667,
        0.9285475,
        0.9288116666666667,
        0.9289366666666666,
        0.9291175,
        0.929175,
        0.9293066666666666,
        0.9294933333333333,
        0.9295191666666667,
        0.9297825,
        0.9297983333333333,
        0.92994,
        0.9300208333333333,
        0.930045,
        0.930085,
        0.9301966666666667,
        0.9303475,
        0.9304591666666666,
        0.9305141666666666,
        0.9304925,
        0.9305583333333334
    ],
    "val_acc": [
        0.8782525,
        0.9195175,
        0.9119225,
        0.91627,
        0.91142,
        0.9196725,
        0.90131,
        0.9249425,
        0.91561,
        0.91667,
        0.92131,
        0.9133175,
        0.92373,
        0.89244,
        0.9201525,
        0.903145,
        0.907165,
        0.9136425,
        0.90768,
        0.90349,
        0.903635,
        0.9122175,
        0.91113,
        0.91556,
        0.9126925,
        0.90943,
        0.914995,
        0.891675,
        0.915655,
        0.9080975,
        0.90587,
        0.911165,
        0.9155725,
        0.9185375,
        0.9167775
    ],
    "best_val": 0.9249425,
    "best_epoch": 7
}